id,author,rating,title,content,version,date,country,platform,vote_count
14422995362,1stGramma,1,Wireless issues,Can’t get it to stay online.,26.2.0,2026-08-13T07:47:53-07:00,us,iOS App Store,0
14422832571,DinkyIL,4,Good App,So far alright!,26.2.0,2026-08-13T07:02:06-07:00,us,iOS App Store,0
14422142617,AngryPurpleBird49,1,Horrible,"I wish I had never bought this product, it doesn’t work like it is supposed to!",26.2.0,2026-08-13T03:25:31-07:00,us,iOS App Store,0
14421294365,JCLEYVA,1,Blank pages,Terrible fraud service / they steal your money and crash your printer,26.2.0,2026-08-12T21:39:32-07:00,us,iOS App Store,0
14420965242,Todo apunta a Jesús,5,Me gusto,Está bien y fácil,26.2.0,2026-08-12T19:27:32-07:00,us,iOS App Store,0
14420719214,Use-hp,1,"Doesn't work, paper size mismatch error",Paper mismatch error,26.2.0,2026-08-12T17:57:20-07:00,us,iOS App Store,0
14420416358,Theccrider,4,There are no instructions good enough. No regrets,"I am finally learning what all
You can do with the app, like print directly from your files.",26.2.0,2026-08-12T16:01:01-07:00,us,iOS App Store,0
14420313363,3JessRed3,1,HP Smart,"Unbelievable, I have printed direct to my printer from my phone always until today. I had to go to the App Store and download an app today. This HP Smart App and now to print I also need to pay for this app! How r they able to do this? I will never be able to print from my phone again after over 20 years of printing from my phone as I cannot afford to pay for this app at all. Absolutely unacceptable!!",26.2.0,2026-08-12T15:20:47-07:00,us,iOS App Store,0
14420154575,D'L💕,5,Easy to use,"In the past it has been a hassle to work with my computer phone and copier.  But now with all the latest updates it is much easier to copy, share and print from my computer or my phone🥰",26.2.0,2026-08-12T14:20:39-07:00,us,iOS App Store,0
14420102632,Annamaria578,5,Easy to set up,App works ok doesn’t let me print immediately from the picture it says printer not connected,26.2.0,2026-08-12T14:01:42-07:00,us,iOS App Store,0
14420077311,Chuck 04,1,Poor App,Won’t change paper setting.,26.2.0,2026-08-12T13:52:35-07:00,us,iOS App Store,0
14419730540,$10 Discount,5,Scanning is easy.,Great,26.2.0,2026-08-12T11:50:02-07:00,us,iOS App Store,0
14419535445,Hp user 54,5,Rod,I would never use another product but HP. From my first purchase of an HP 12-c until now.,26.2.0,2026-08-12T10:43:46-07:00,us,iOS App Store,0
14419223449,Mae.🐝,3,"Mostly works, mobile fax function needs attention","Connects to printer fine, but the app is oversimplified and has way too much space being taken up with a storefront. For some reason, I can access photos, files, and cloud storage ONLY from the photo editor. When I go to fax, I can only select photos or cloud storage. Faxing from the file itself only works if I only need to send one file at a time- I can’t attach more than one. Zero help to be found online and a virtual assistant isn’t going to do anything but recommend contacting customer support. REALLY weird oversight, HP.",26.2.0,2026-08-12T09:07:11-07:00,us,iOS App Store,0
14419113497,Chatster2,1,Not printing,Can’t print,26.2.0,2026-08-12T08:35:17-07:00,us,iOS App Store,0
14419010721,kevstir321,1,I hate this,Requiring me to have an account is a crazy design and the UI is confusing and the ink levels are wrong. The app is set up to seek you stuff not help you print.,26.2.0,2026-08-12T08:06:03-07:00,us,iOS App Store,0
14418508189,Bab’s yum,3,Will not print,Printer stopped working in the middle of a job and would not restart constantly having to try to reboot,26.2.0,2026-08-12T05:42:44-07:00,us,iOS App Store,0
14417302246,E-rock84,1,Have to keep app open,Kinda inconvenient when you print several photos at a time and you have to leave the app open for it to finish.,26.2.0,2026-08-11T21:56:56-07:00,us,iOS App Store,0
14416922301,Dumbest printer ever,1,Deskjet2855e,This is the stupidest freaking printer to exist.,26.2.0,2026-08-11T19:24:06-07:00,us,iOS App Store,0
14416605968,_cArliA,1,Customer Service is poor,"after trying numerous steps online watching YouTube videos, I finally  called customer service, held  for over an hour. I finally got a hold of someone. They transferred me to a different department and an operator came on and said we cannot take your call at this time. Call back later what kind of customer service is that? I don’t feel valued as a customer HP don’t care nothing about their customers. Creating a system like this.",26.2.0,2026-08-11T17:27:54-07:00,us,iOS App Store,0
14416558330,pooremote,2,Hp,This printer/ scanner been giving me problems since day one,26.2.0,2026-08-11T17:10:05-07:00,us,iOS App Store,0
14416462461,Cold Mountains,5,Amazing,"Launching my new printer, the photo scan option is a fantastic unexpected feature!",26.2.0,2026-08-11T16:32:51-07:00,us,iOS App Store,0
14415472675,BankUser9009,3,Useful app,It’s a little slow for a 5 star review - spruce up the speed and it’s 5 out of 5.,26.2.0,2026-08-11T10:38:54-07:00,us,iOS App Store,0
14415458761,ZulSamy,5,Very,Very good,26.2.0,2026-08-11T10:34:29-07:00,us,iOS App Store,0
14415376389,SavageWick,1,Not worth it,Can’t even connect the printer makes no damn sense,26.2.0,2026-08-11T10:08:41-07:00,us,iOS App Store,0
14415138332,Ilp135,1,Number of pages unknown.,You use to be able to check how many pages you have printed. Now you cannot. And if there is a way that you can check on this app it is hidden so well that you can’t get to it. Now you find out that you went over on your printed pages when they charge you.,26.2.0,2026-08-11T08:57:52-07:00,us,iOS App Store,0
14415110757,G2go$0,1,Over complicated,Disappointing,26.2.0,2026-08-11T08:50:03-07:00,us,iOS App Store,0
14415028688,Mutsuko3,5,7900,Great printer,26.2.0,2026-08-11T08:26:47-07:00,us,iOS App Store,0
14415006688,Nagoiaca,5,Fax Option,It was so convenient to be able to send a fax from the comfort of my own home.,26.2.0,2026-08-11T08:20:40-07:00,us,iOS App Store,0
14414825690,SueJ.T,1,Used to be good,"Hp used to take care of their customers but for the last year, I’ve been getting terrible service. I bought a new printer because my old one was out of warranty. The new one came damaged. Required for a replacement, two weeks goes by and I didn’t receive it. Called in and apparently it was canceled and no one knows what happened. The case was escalated, still have not heard back from HP. I cancelled my subscription and w switched to seiko. BEST DECISION EVER! Highly recommend seiko!",26.2.0,2026-08-11T07:31:02-07:00,us,iOS App Store,0
14414784981,yelp fails again,2,It works different than it used to,"HP OfficeJetPro 8025e, fresh from box refused to print direct from iPhone and insisted on printing via WiFi router over the network. This meant I couldn't print from the third of my house with a weak WiFi but what the heck. After March 2026 firmware update, the printer refused to print over network so I downloaded this app. It resized MS Word document from 2 to 3 pages and wants to give me arcade games, and other stuff when I just do t want to waste more than 15 seconds of my time printing a document that looks like I expect it to. Wish I'd kept my LaserJetIII. That printer was a bulletproof tank when you knew how to write print drivers. Update 2026, still two star; HP App not ready for prime time. Scan Display shows pdf: Basic, size: Medium. No ""Continue"" button visible until you reselect highlighted values. Hidden buttons are not a good design feature.",26.2.0,2026-08-11T07:19:54-07:00,us,iOS App Store,0
14413814695,Tinyknitter,2,Poor update,Since the most recent update the print preview screen has been useless and blank. Can provide screenshot,26.2.0,2026-08-11T02:12:09-07:00,us,iOS App Store,0
14413189558,Villalba04,1,Never connects to cricut,I’ve been trying for four hours and this computer is very cheap and does not connect to cricut or print sticker circuit items,26.2.0,2026-08-10T21:56:40-07:00,us,iOS App Store,0
14413076953,J3DiMiché,5,🤩,Great product,26.2.0,2026-08-10T21:06:17-07:00,us,iOS App Store,0
14413056266,Technotsogood,2,Not so good anymore,"Was great until last update, now when the app tries to give me messages about the printer or printing issues - I can not read anything. The messages are just empty boxes that pop up on the screen. The printer settings are no longer readable either, the app straight up doesn’t work right for me. I am left guessing about errors or such with my printer and get a lot of blank pages coming out that I don’t understand why. Please fix.",26.2.0,2026-08-10T20:57:19-07:00,us,iOS App Store,0
14412662885,wgdpod,2,Doesn’t print the correct size,"I tried to print a 4x6 photo and it came out letter every time. 

Another app, another password and account, and it kind of works. 

Don’t worry, plenty of ads about ink plans. Just can’t get enough of those ads.",26.2.0,2026-08-10T18:22:06-07:00,us,iOS App Store,0
14412624878,19Will66!!!!!!,5,Easy to use,Hate the printer but the app makes it easier to Scan to phone,26.2.0,2026-08-10T18:07:47-07:00,us,iOS App Store,0
14412609980,Washington$$$$$$$,5,Family photos,Beautiful,26.2.0,2026-08-10T18:02:12-07:00,us,iOS App Store,0
14412366648,Nothing of help,2,Messing up,Disconnects a lot,26.2.0,2026-08-10T16:28:36-07:00,us,iOS App Store,0
14412297739,2014HChevy,1,Can’t handle photos,Printed a photo and came out really bad,26.2.0,2026-08-10T16:01:36-07:00,us,iOS App Store,0
14412190020,Jag$1,3,Na,No point writing reviews here the right place is App Store,26.2.0,2026-08-10T15:19:29-07:00,us,iOS App Store,0
14411842892,Platts guy 1,1,Printer issue,Printer barely works,26.2.0,2026-08-10T13:11:37-07:00,us,iOS App Store,0
14411738580,cdungan1960,1,Never stays linked,This printer never connects to my phone automatically. I have to put in ip address for it to be found. Really stupid.,26.2.0,2026-08-10T12:35:51-07:00,us,iOS App Store,0
14411719653,Gigiaroo,5,Very happy customer,I am so glad that I bought my HP Smart Tank printer. I love the free printable stuff. I forgot that I can also mobile fax; which saves me time and money. It’s a whole lot easier than my other printer that I had. I haven’t had to buy any ink yet. I absolutely love my printer. Thank you HP💚,26.2.0,2026-08-10T12:29:23-07:00,us,iOS App Store,0
14411548028,PaPaJ goin my way,5,Wow,WowWowWow,26.2.0,2026-08-10T11:32:02-07:00,us,iOS App Store,0
14411383305,Mjjlee7,5,App,Best Printer App,26.2.0,2026-08-10T10:38:51-07:00,us,iOS App Store,0
14410554318,WasAppUser,3,Not getting what you see,"Hello HP users I’ve been experiencing things. I don’t know if it comes from an update. I try to keep everything up-to-date on my side, but I have seen issues after time and without any feature to change it I was told from HP representative or tech support you get what you see supposed to be coming as a letter, but it comes as a landscaping feature, which I cannot change so you don’t get what you see how disappointing and to get support at HP is very difficult. It’s probably been a little bit over a year and you always get sidetracked when you call in and if you can get in. I think that the HP that I have is a good one, but it’s very strange of the colors.",26.2.0,2026-08-10T06:34:18-07:00,us,iOS App Store,0
14410461328,LaraSabella,3,Scanning,Near impossible to get my computer connected to the printer. Have to scan via my phone and email it then save the document and then email it to the recipient. It’s ridiculous. I tried everything- the help chat promo useable information. Downloaded three apps on my computer- gave them all access to everything and I’m still frustrated 4 hours later. Never felt such a level of frustration. If you’re going to make it impossible to scan at least include a USB port!!!,26.2.0,2026-08-10T06:06:31-07:00,us,iOS App Store,0
14410355521,B K 2,5,HP scanner,This is the best thing I’ve ever used,26.2.0,2026-08-10T05:34:04-07:00,us,iOS App Store,0
14409115945,Dragonfly3344,2,Badly Behaved App,"I would give the app high praise except for the fact that when I go to print, my settings for the page I want to print is totally blank. I have to guess which thing is which. Like, what printer I’m using, whether I want to print in color, how many copies, duplex printing, etc. I deleted the app and reinstalled but it didn’t fix the issue.",26.2.0,2026-08-09T21:08:37-07:00,us,iOS App Store,0
14408896274,Tammytam57,3,Skipping scans,I’ve been standing scanning my son’s physical documents to upload to school for over 25 mins. I’ve scanned 4 times now and the last time page by page. Scan is giving me blank pages or cutting off bottom half of page.,26.2.0,2026-08-09T19:37:56-07:00,us,iOS App Store,0
14408671522,Guess1991,1,A pain,If you don’t use it very regularly you have to reconnect printer which is a huge pain. Zero stars,26.2.0,2026-08-09T18:11:41-07:00,us,iOS App Store,0
14408600548,⭐️⭐️⭐️⭐️⭐️🥰,5,Rapidez y calidad,⭐️ ⭐️ ⭐️ ⭐️ ⭐️,26.2.0,2026-08-09T17:44:03-07:00,us,iOS App Store,0
14408495946,ProudSLP,3,Problem with mobile fax,"Can’t scan the file via feeder, while using mobile fax.

Can’t fax it on desktop either.
Frustrating! No help.",26.2.0,2026-08-09T17:02:47-07:00,us,iOS App Store,0
14408093525,Acpsrhp,1,Can’t Scan with Printer,"Everything went wrong with AI, I presume. The app that used to easily scan photos and documents no longer works. Camera scan sucks! I’m desperately in need of scanning capability‼️",26.2.0,2026-08-09T14:21:54-07:00,us,iOS App Store,0
14407966088,Ihateyomama,4,It’s good,I had some complications but the printer printed everything i needed. It’s amazing! I definitely needed this for a regions test that was coming up!,26.2.0,2026-08-09T13:34:14-07:00,us,iOS App Store,0
14407903217,Trs529,3,Use too much ink,Ink go pretty quickly,26.2.0,2026-08-09T13:11:39-07:00,us,iOS App Store,0
14407715159,mmctee237,1,HP just flat out sucks,Will never deal with the headache that is HP again. Apple all the way from now on,26.2.0,2026-08-09T12:06:07-07:00,us,iOS App Store,0
14407594627,ToniBK,1,Printer not so good,98.2 percent of the time when I send something to print it doesn’t print.  Just don’t seem to catch or recognize.  Disappointing because I’ve never had issues with HP products,26.2.0,2026-08-09T11:25:46-07:00,us,iOS App Store,0
14407594353,J&R Ruben,5,Hp scanner,This kind of scanner does the life easier that you think thanks HP,26.2.0,2026-08-09T11:25:40-07:00,us,iOS App Store,0
14407219440,22575 M,1,Hp envy printer,I was told it prints pictures but it doesn’t. I pay every month for ink and paper. I have had it for 2-3 years and have never gotten refills on either. And sometimes I pay $15 a month for what I print. It never works right,26.2.0,2026-08-09T09:26:39-07:00,us,iOS App Store,0
14407052323,Penny Scarlett,1,Print Issues,The printer never prints good quality especially in color.,26.2.0,2026-08-09T08:36:31-07:00,us,iOS App Store,0
14407022085,JTAs Photos,5,Photos at my fingertips,"So happy to finally have photos at my fingertips. After trying all of the different methods, sending them for printing, having to wait, looking for the best price, this is just it. Stress and hassle free. Thank you!",26.2.0,2026-08-09T08:27:27-07:00,us,iOS App Store,0
14406766758,bunnyears 78,5,Print,I love that I can print things from my phone,26.2.0,2026-08-09T07:11:44-07:00,us,iOS App Store,0
14406513240,Su9e1fuji,5,This app is awesome,The hp app helps me a lot. It’s awesome,26.2.0,2026-08-09T05:52:46-07:00,us,iOS App Store,0
14406505882,AmINotMerciful,1,Slowest printer ever,It never ceases to amaze me how slow this printer works,26.2.0,2026-08-09T05:50:19-07:00,us,iOS App Store,0
14404922308,Stevecast16,5,Review,It’s amazing,26.2.0,2026-08-08T18:51:54-07:00,us,iOS App Store,0
14404761138,Roofinggarcia,5,Love it,Love it at lot,26.2.0,2026-08-08T17:46:44-07:00,us,iOS App Store,0
14404676040,XxthecreativeonexX,4,My review,I like it it easier unlike other companies setting the printer is very easy. You just put a picture in in the app and then you just edit it and you get what you want. Thanks!,26.2.0,2026-08-08T17:11:26-07:00,us,iOS App Store,0
14404617486,Printing via phone,1,Personal experience,"The app is unreliable, the WiFi connection unstable even when fully connected via the settings, and on a personal level the idea that I’m being blocked from certain features due to a subscription for a printer already in my possession for several years makes the experience all the more sour. Safe to say that the convenience of a printer and being able to print from a phone are nice however I find myself perturbed when actually using the service.",26.2.0,2026-08-08T16:47:02-07:00,us,iOS App Store,0
14404331441,Moinme,1,Printing issues,I don’t know why you guys messing up with my printing availability just because I canceled my subscr,26.2.0,2026-08-08T14:47:30-07:00,us,iOS App Store,0
14404186689,SuperOutman,1,Stay away from this APP and printer,"This is a terrible decision to put all the function on this app. HP did a terrible job and decision. After wasting so much time on the HP app and printer with consistent printing issue, I returned the HP printer and will delete this app. Good luck HP",26.2.0,2026-08-08T13:50:49-07:00,us,iOS App Store,0
14403597563,No more hp products,1,Printer sucks,I have owned 20 printers in my lifetime and these 7855 are the worst products I’ve ever had,26.2.0,2026-08-08T10:22:35-07:00,us,iOS App Store,0
14403032538,bobobo136$,1,Print,My printer not printing,26.2.0,2026-08-08T07:30:49-07:00,us,iOS App Store,0
14402783368,Roblns,1,Horrible,"Imagine creating a printer that barely prints, with an app that barely works.",26.2.0,2026-08-08T06:15:33-07:00,us,iOS App Store,0
14401949276,Abvcdhei,1,The printer isn’t working,The printer is sometimes happy to print and sometimes not happy to print. I get unhappy days more often than happy days. I will not choose to buy hp again. I will go back to cannon.,26.2.0,2026-08-08T00:55:30-07:00,us,iOS App Store,0
14401216939,Chan Bell,5,Happy customer,Easy to use,26.2.0,2026-08-07T19:35:07-07:00,us,iOS App Store,0
14401051765,Mysterious-L,1,Worst company ever,I have a hp envy printer that after a while has refused to connect to my WiFi nothing in the setup guide works and I’ve tried every possible solution. They’re a trash printer and anyone thinking of buying one should look elsewhere,26.2.0,2026-08-07T18:30:26-07:00,us,iOS App Store,0
14400663056,bkcole1,1,No good printer,Nothing is as advertised. It won’t print from safari and I have to save every document to my phone and print through the app. The ink wouldn’t work when it was brand new so I had to subscribe to the ink service. I wish I had an epson,26.2.0,2026-08-07T15:56:05-07:00,us,iOS App Store,0
14400291615,CoachRomanAG,5,HP service for small business,"Love my HP Services, I use printing and scanning for my small business and my printer never lets me down. App works great.",26.2.0,2026-08-07T13:32:18-07:00,us,iOS App Store,0
14400200879,210528Tango,1,Please don’t,It you want to avoid stress and subscription based services go with a different brand like Brother or Canon. The UI/UX is not friendly and is super slow. I use HP products but their printers are not the way to go unfortunately.,26.2.0,2026-08-07T12:59:29-07:00,us,iOS App Store,0
14399326383,KimV009,5,Easy,I love that I can camera scan,26.2.0,2026-08-07T08:17:40-07:00,us,iOS App Store,0
14399141538,Go2wk,1,A mind of its own,Half the time it will print and half the time it will not. It will say it’s printing and never print. So frustrating!,26.2.0,2026-08-07T07:24:28-07:00,us,iOS App Store,0
14398786429,MSkB3,5,Life Saver !!,It’s simplicity was appreciated,26.2.0,2026-08-07T05:39:22-07:00,us,iOS App Store,0
14398775673,kodak kap,5,Papi Kodak Famous Rapper,Printing out pictures of famous people,26.2.0,2026-08-07T05:36:03-07:00,us,iOS App Store,0
14397750335,Chess17369,1,Terrible printer,Printer is always dropping from network. Multiple network errors plague this product.,26.2.0,2026-08-06T22:54:07-07:00,us,iOS App Store,0
14397453079,Hormonal chicka,1,Never works,Each printing job takes over 30 minutes. Not sure if it’s the printer or the app,26.2.0,2026-08-06T20:44:25-07:00,us,iOS App Store,0
14397339742,Mcsllew,4,"I like produce, but…",Alexa option to be able to send information however I need them to create more information on how to save the files in case one doesn’t work for example I tried to send a moble fax but it didn’t save the file so that I could save the document to email when the fax didn’t pick up.,26.2.0,2026-08-06T19:58:36-07:00,us,iOS App Store,0
14397148588,keith scheeler,1,Horrible,"Got a new WiFi and the printer doesn’t have settings to reset your WiFi. The HP is to reset it but after 30 times trying, can’t find the printer. Online doesn’t find the printer either although it is in my account. What Nightmare I’ve encountered with this app!",26.2.0,2026-08-06T18:45:22-07:00,us,iOS App Store,0
14397052075,Belnanzo,5,Amazing,"Great App Ever, Very Easy to use and useful",26.2.0,2026-08-06T18:08:55-07:00,us,iOS App Store,0
14396655278,Mad Ayers,1,Printer.,"I wanted to really like this printer, but unfortunately you get what you pay for. It works when it wants too. Set up is really not user friendly!! And says it’s connected, and wifi is good but nothing prints. Super frustrating.",26.2.0,2026-08-06T15:33:20-07:00,us,iOS App Store,0
14396608128,Fun on phone,5,Great app,Like can scan to pdf on phone app,26.2.0,2026-08-06T15:14:50-07:00,us,iOS App Store,0
14396481021,rat gonzales,1,Printer/app gives me such a hard time,I'm always waken up abruptly by my brother to fix the printer because the printer finally decided to disconnect to the wifi. So trying to figure out how to reconnect it back always give such a hard time and especially the app not giving to a shortcut to the diagnosis and leaves you off with virtual assistance. Especially when trying to enroll I'm the instant ink subscription why is swapping me back and forth with the app to the hp website. So much easier if I just dealt with it all the app it just doesn't make sense.,26.2.0,2026-08-06T14:25:38-07:00,us,iOS App Store,0
14396393919,moonxochild,1,never connects or prints,"I have tried multiple troubleshooting options/methods, unplugging, and I may get the printer to actually print something once in a blue moon.",26.2.0,2026-08-06T13:53:15-07:00,us,iOS App Store,0
14396356123,Mad Customer 2026,1,Review,This company is a damn joke,26.2.0,2026-08-06T13:39:32-07:00,us,iOS App Store,0
14395951871,Link2ab,1,Keeps printing upside down on 2 sided,Even after selecting long edge and follow hp instructions and downloaded the app for long edge option,26.2.0,2026-08-06T11:19:46-07:00,us,iOS App Store,0
14395929232,Jendidjnfokdhg,1,Stupid and useless on iPhone,This app is so stupidly designed and mobile fax is absolutely useless as I can’t even fax pdfs from iPhone. Fix all that,26.2.0,2026-08-06T11:12:23-07:00,us,iOS App Store,0
14395833610,Kurt3025,1,App is difficult,The app for printing a photo is not user friendly. It took me printing 10 pictures to get it to print a 5X7 picture. It kept printing on the whole page.,26.2.0,2026-08-06T10:41:23-07:00,us,iOS App Store,0
14395767343,Bonjourmariana,5,BUY IT! 100% WORTH IT!!,YES I recommend this printer! The best printer I have had. Excellent work!,26.2.0,2026-08-06T10:20:21-07:00,us,iOS App Store,0
14395726761,Marcus Gia,3,Ayúdenos,Muy difícil de entender,26.2.0,2026-08-06T10:07:36-07:00,us,iOS App Store,0
14395690022,UnhappyAFWasAlreadyTaken,1,Zero stars,Will not see the hp2942 on my network.  It’s there but app is useless.  Won’t connect on iPhone or windows computer.,26.2.0,2026-08-06T09:56:11-07:00,us,iOS App Store,0
14395388316,Dr Larry G,5,getting started without a manual,"getting familiar with my new HP Smart Tank 6001 printer was a challenge, especially because this was not my first HP printer over the years - multiple attempts to solve roadblocks via HP automated setup and with HP chat were maddening.
Chat replies were much too complicated. I ultimately discovered simple solutions on my own after wasting too many hours searching for solutions on line with HP.  It was virtually impossible to speak to someone live.
A manual to explain how some features work would be enormously helpful.
Having said all that, my new HP Smart Tank 6001 is connected to my wifi, as well as my and my and my partner’s computers and iPhones; now functioning superbly - if only I didn’t need to spend hours of frustrating time trying to figure it out on my
own - how about a little help from HP live to set it up?",26.2.0,2026-08-06T08:26:15-07:00,us,iOS App Store,0
14393016703,BLM from Texas,1,HP continues to suck,"Like every HP printer, I’ve bought it never stays connected and printing. A simple document becomes an exercise and frustration. I don’t know why I went back and bought an HP printer.",26.2.0,2026-08-05T17:55:26-07:00,us,iOS App Store,0
14392804203,LFHHLFOAOOAO,5,Review✨,I’m unsure if it’s the printer I recently bought or if its both the app and printer that have been glitching but some times I can’t see no buttons or it doesn’t let me print and doesn’t say why🤷🏽‍♀️ besides that it’s amazing,26.2.0,2026-08-05T16:33:00-07:00,us,iOS App Store,0
14392560945,Caledonia Parker,5,Printer,I love it,26.2.0,2026-08-05T14:57:17-07:00,us,iOS App Store,0
14392517120,LeTreyaP,5,Try again,After many failed attempts this app worked,26.2.0,2026-08-05T14:40:30-07:00,us,iOS App Store,0
14392457585,👏🏻👏🏻👍👍👌👌,5,Great Printer,"Quick and easy setup. Prints flawlessly via wireless from phone, laptop, and PC.",26.2.0,2026-08-05T14:18:09-07:00,us,iOS App Store,0
14392352553,Coco211435,5,App is amazing,I love the app I can send photos as PDFs amazingly simple,26.2.0,2026-08-05T13:39:42-07:00,us,iOS App Store,0
14391961206,jncryjb,1,Horrible,Horrible connection,26.2.0,2026-08-05T11:25:55-07:00,us,iOS App Store,0
14391927366,Pixydustss,1,I’m stuck in someone else’s sign in,"Why the heck do you not make it easy for someone to just log out on this app!!!!! So now (since I need these printed quickly) and I can’t just log them out and me in without a huge run around I’m now printing under them. Also when you select print Best it comes out like Poo, but select Normal and it comes out looking like the best should.",26.2.0,2026-08-05T11:14:44-07:00,us,iOS App Store,0
14391788660,Mike Kamel,1,Printer very bad,"This printer keep saying there is an error
I restarted so many time but still not working",26.2.0,2026-08-05T10:30:19-07:00,us,iOS App Store,0
14391715986,Do tomate,5,Excelente,Es muy rápido y eficiente,26.2.0,2026-08-05T10:07:55-07:00,us,iOS App Store,0
14391432802,Don Jenk,5,hP Scans,"The APP is simple to use, and fast. 
Don J Jenkinson
memeco
Lincolnwood, IL",26.2.0,2026-08-05T08:44:41-07:00,us,iOS App Store,0
14389895335,La Doge,5,Printer apps,They make printer apps like they used to in the future when software quality mattered.,26.2.0,2026-08-05T00:15:37-07:00,us,iOS App Store,0
14389217775,Conniekida,5,Love the App!,"It makes it easier for me to print, save, download and share documents.",26.2.0,2026-08-04T19:35:22-07:00,us,iOS App Store,0
14389217088,Soccer 1801249,5,HP Forever!,I just discovered the easiest printer app on earth. I went from downloading the app to scanning and emailing a document in three minutes. Best App experience ever!,26.2.0,2026-08-04T19:35:07-07:00,us,iOS App Store,0
14389156186,pliestocene,1,SmartHP,"SmartHP does not work more than 50% of the time. I was much happier printing from my device as I’d always done before this HP printer. I believe it’s just a marketing scam, never meant to actually help someone print.",26.2.0,2026-08-04T19:12:39-07:00,us,iOS App Store,0
14388963559,Stacyrenae,1,goodluck,"Gotta be a toddler to figure out how to copy. Cute, but does not work.",26.2.0,2026-08-04T18:02:04-07:00,us,iOS App Store,0
14388663198,Dingle1029384756,5,Great job,Amazing app,26.2.0,2026-08-04T16:06:56-07:00,us,iOS App Store,0
14388250586,mavicrider,1,Horrible UX,"This app is so unreliable in setting up my laser printer. It’s not an exaggeration to say that I’ve gone through the ad, printer steps a dozen times, and on the last step, it says, unable to register your printer. Or can’t find it on the network.  This app is really in need of an overhaul.",26.2.0,2026-08-04T13:31:48-07:00,us,iOS App Store,0
14388180184,Keish683,1,The Worst,The absolute freaking worst,26.2.0,2026-08-04T13:07:10-07:00,us,iOS App Store,0
14388048358,Amazing Ayaan,1,How do I get this app to work?,"When I open the app it just shows a blue screen with the hp logo in the center, how do I get through this to the main home page?",26.2.0,2026-08-04T12:22:30-07:00,us,iOS App Store,0
14387934699,gonziijoujou,3,TOO SOON FOR A PAPERJAM,I have to guide the incoming paper as it prints! I just opened the box right now! I’m worried!,26.2.0,2026-08-04T11:45:06-07:00,us,iOS App Store,0
14387901079,Shade277,1,Way to much advertising,I shouldn’t have to wade through pages of ads just to print something on a printer I paid for.,26.2.0,2026-08-04T11:34:07-07:00,us,iOS App Store,0
14387569587,misestrellas2014,1,La peor compra,Si no pagas pa suscripcion no te deja imprimir,26.2.0,2026-08-04T09:51:04-07:00,us,iOS App Store,0
14387281946,Beki814,1,worst printer ever,"This is the worst printer I’ve ever owned. You get what you pay for and this cheap printer is unreliable, unintuitive and works randomly despite conditions being exact on each attempt. It was a waste of money and I’ll likely never purchase anything HP again after owning this ridiculous, frustrating thing.",26.2.0,2026-08-04T08:27:40-07:00,us,iOS App Store,0
14386779943,181Congo,5,Wow!,"If you can read this is easy!!
Finally!! Simplicity!",26.2.0,2026-08-04T06:07:15-07:00,us,iOS App Store,0
14386326199,tistisbangbang,1,Terrible,"Truly, a bad piece of equipment. It’s older now but should not be such a problem to use. Will not be repurchasing.",26.2.0,2026-08-04T03:41:42-07:00,us,iOS App Store,0
14386304965,Eyric listed,1,Not great,Only lets me print via the app,26.2.0,2026-08-04T03:33:54-07:00,us,iOS App Store,0
14384783971,Nahh.,1,piece of junk,the printer never friggin works. it’s brand new and still never works,26.2.0,2026-08-03T17:32:24-07:00,us,iOS App Store,0
14384625220,Sieara Mist,5,Amazing,It’s bussin,26.2.0,2026-08-03T16:32:05-07:00,us,iOS App Store,0
14384352434,Paulasn,5,My printer,I could not be happier! It’s perfect for my needs!!,26.2.0,2026-08-03T14:48:03-07:00,us,iOS App Store,0
14384220167,AZcgizjxigcigc,5,Printing & Deals,Love it!,26.2.0,2026-08-03T14:00:06-07:00,us,iOS App Store,0
14384099650,Bdl19931993,1,This app SUCKS,Takes forever to print ANYTHING,26.2.0,2026-08-03T13:18:00-07:00,us,iOS App Store,0
14383931487,Unhappy Mrs.,3,Document Retention,"I find it difficult to retain find previous documents,",26.2.0,2026-08-03T12:21:45-07:00,us,iOS App Store,0
14383911379,sherob,1,Nightmare,"It’s impossible to print it takes about an hour for one sheet to print. I’m so confused. It’s on my network and when I send a job to it, it says that it’s sending the information to the printer and then a printer is printing it and I have to do it at at least 20 times before the printer picks it up and print. Printer.",26.2.0,2026-08-03T12:15:10-07:00,us,iOS App Store,0
14383661994,Teebrat,1,regretting,"wish I never got a new printer. It is horrible to hook up horrible for customer service just ridiculous.
And my nickname is not T brat nor is my email anymore, so I’m probably getting charged for two different printers",26.2.0,2026-08-03T10:56:05-07:00,us,iOS App Store,0
14383586273,Jrm&dsm,1,Photo quality,The printer isn’t printing a good picture the first try. Have to try 3-4 times to get a good one.,26.2.0,2026-08-03T10:32:52-07:00,us,iOS App Store,0
14383201677,cantthinkofaname,5,Keeps getting better,"I’ve been using this app for years and it keeps getting easier to use, less cluttered and more useful. I don’t need it often but when I do, it’s usually important and this little dude always delivers.  You’re stopping me and asking me 1 million questions to join  this and that and verify this and that.  It just works so I buy HP.",26.2.0,2026-08-03T08:40:55-07:00,us,iOS App Store,0
14383130666,Sweetmoneygold,5,So helpful,It is so helpful and it helps me to printing easy,26.2.0,2026-08-03T08:20:59-07:00,us,iOS App Store,0
14382685090,ddssj,3,Hp,Lots of printing problems,26.2.0,2026-08-03T06:17:19-07:00,us,iOS App Store,0
14381276641,nanerz89,1,Print jam,I've only had this printer for 2 weeks and it's already jamming and not printing out my docs.,26.2.0,2026-08-02T21:25:15-07:00,us,iOS App Store,0
14381176489,Billyjoeswanson,1,printer,Not printing after subscription,26.2.0,2026-08-02T20:43:53-07:00,us,iOS App Store,0
14380879506,nick25001988,5,my printer won't connect to my computer,it sucks.,26.2.0,2026-08-02T18:49:42-07:00,us,iOS App Store,0
14380625041,⭐️ ⭐️ ⭐️ ⭐️ rating,4,Why this machine got a four star.,"I liked it, but I wanted it there to be color with the picture",26.2.0,2026-08-02T17:13:25-07:00,us,iOS App Store,0
14380226714,Lil' Lu Fo,5,Many functions.,I just love how this printer prints and the idea that I can scan and fax and or email documents. The fax component is amazing.,26.2.0,2026-08-02T14:37:02-07:00,us,iOS App Store,0
14380007586,AnonymousTX2,1,Fussy. Unreliable.,Fussy. Needs to restart all the time. If left unused all internet data needs to be re-entered. Very unhappy with this purchase.,26.2.0,2026-08-02T13:17:23-07:00,us,iOS App Store,0
14379854733,PacRya,3,"Good print quality, but setup permissions felt excessive","Setup worked, but it wasn’t very smooth. I had to redo some steps, and the app repeatedly pushed pop-ups asking for precise location access even though I declined and was still able to complete setup and connect the printer to Wi‑Fi. Printing itself has been good so far; the pages look sharp and clean, and I like being able to check toner levels in the app. What I didn’t like was being sent out to my web browser when attempting to print a quality check sheet, and then seeing a browser warning about a page that might be impersonating another site while I was going through settings. Overall, the printer works and print quality is nice, but the setup flow and permission prompts need improvement.",26.2.0,2026-08-02T12:25:11-07:00,us,iOS App Store,0
14379691579,Clowneeycat,5,Perfect Print,HP 5055 is an awesome printer . Easy to use from phone or computer,26.2.0,2026-08-02T11:31:21-07:00,us,iOS App Store,0
14379562212,🤦🏽‍♂️f,1,Print when it wants to,Not printing,26.2.0,2026-08-02T10:49:54-07:00,us,iOS App Store,0
14378812645,Mamamoewitpapalo,4,Just a thought…,Print options on the app are less than what are available on my actual printer. I would like have the same paper type selections when using the app.,26.2.0,2026-08-02T07:09:26-07:00,us,iOS App Store,0
14377994079,Kingrichonline,5,Love it,Works like a charm,26.2.0,2026-08-02T02:29:33-07:00,us,iOS App Store,0
14377802505,SuperStarTomCruise,1,Half the print gone,The worst printing exp ever,26.2.0,2026-08-02T01:12:22-07:00,us,iOS App Store,0
14376304320,The Gambling Queen,5,Eazy Peezy,Slick!  So happy I chose this HP printer.,26.2.0,2026-08-01T15:08:15-07:00,us,iOS App Store,0
14376051502,Kendall number 1 fan,1,Do not get this printer,There are a lot of things that I would do differently on the app. But first off I wouldn’t get this printer. I spent a lot of money for a printer that only worked once. Do not talk to the AI person either because obviously it doesn’t work.,26.2.0,2026-08-01T13:32:42-07:00,us,iOS App Store,0
14375222296,lizbeth7707,1,Broke,Printer broke in less than 6 months and was only used a handful of times,26.2.0,2026-08-01T09:02:56-07:00,us,iOS App Store,0
14375090671,HighPrices123,1,Predatory Company,The app works horribly but it’s par for the course with this company with their horrible instant ink subscriptions and subpar printers,26.2.0,2026-08-01T08:25:15-07:00,us,iOS App Store,0
14373175610,YeahBrother,5,Printer,W,26.2.0,2026-07-31T21:02:52-07:00,us,iOS App Store,0
14372934559,Zero__stars,1,Horrible,Not useable,26.2.0,2026-07-31T19:30:10-07:00,us,iOS App Store,0
14372730641,pastorspanky,5,Online Mobile Scan,Love the convenience of HP App with Bluetooth,26.2.0,2026-07-31T18:15:13-07:00,us,iOS App Store,0
14372476331,KayyBirddXO,5,So perfect,"This app is so convenient, easy to use & allows me to print anything & everything without the hassle or confusion.",26.2.0,2026-07-31T16:38:45-07:00,us,iOS App Store,0
14372377354,pineapples70,5,Love it,Great,26.2.0,2026-07-31T16:00:10-07:00,us,iOS App Store,0
14372366772,SamSam4001,5,Wow. Just wow.,The HP OfficeJet 250 Mobile is worth every penny for the ease of set up and use. It is so intuitive. The app and the printer itself are easy to understand and straight forward. Never going back to the other brands.  No tears were shed this time around (except happy ones).,26.2.0,2026-07-31T15:56:01-07:00,us,iOS App Store,0
14372237174,reseller805,1,Worst printer ever,Extortion printer you don’t actually own.,26.2.0,2026-07-31T15:06:11-07:00,us,iOS App Store,0
14372077082,Deisy57,5,Great app,"At first the printing straight from photo app wouldn’t work until he downloaded hp, it worked great! Highly recommended!",26.2.0,2026-07-31T14:06:14-07:00,us,iOS App Store,0
14371971877,_JoeJo_,5,Happy Customer,Always an amazing product. 😁❤️,26.2.0,2026-07-31T13:28:18-07:00,us,iOS App Store,0
14371736576,Debbu15726,5,BEST APP FOR PRINTING AND HOUSEHOLD WORK,I just click one button from 40 feet away and boom. Its printed,26.2.0,2026-07-31T12:06:25-07:00,us,iOS App Store,0
14371456493,Diaz jr,5,Práctica y útil,Súper fácil de usar y muy practica para escanear documentos,26.2.0,2026-07-31T10:35:19-07:00,us,iOS App Store,0
14371245578,Fourty-Fine,5,Very Satisfied,This set up was the BEST!!,26.2.0,2026-07-31T09:31:01-07:00,us,iOS App Store,0
14371070921,Patient for years,1,DO NOT BUY,"Today it won’t print directly from my computer—but the app worked.  Yesterday—it worked fine from my computer.  Last month—wouldn’t print at all and needed tech support assistance. If you like your printer to be completely unreliable, then this is a must buy.",26.2.0,2026-07-31T08:40:26-07:00,us,iOS App Store,0
14371062803,LuciaP123,1,Don’t buy this,This printer and app is HORRIBLE to work with,26.2.0,2026-07-31T08:38:06-07:00,us,iOS App Store,0
14370863875,Heysang,1,Not Great,Never prints the first time. Continuous print error but the app shows nothing.,26.2.0,2026-07-31T07:42:38-07:00,us,iOS App Store,0
14369788331,alwaystry,4,Great multi functional printer scanner,This HP is the greatest. We use it almost daily. Living in Spain every document is printed signed and scanned. We can use the printer for the scanner or the app. The price was fantastic.,26.2.0,2026-07-31T01:54:55-07:00,us,iOS App Store,0
14369239728,Angie8747,1,Horrible,Horrible paper gets jammed won’t print anything,26.2.0,2026-07-30T22:08:06-07:00,us,iOS App Store,0
14369092790,Treuben144,5,Hp smart tank 7602 series,I’m in love,26.2.0,2026-07-30T21:07:10-07:00,us,iOS App Store,0
14368667552,Worthless HP Printer,1,Worthless Printer,"Constant issues trying to print. The printer keeps disconnecting from my device, forcing me to restart everything and search online for troubleshooting steps. Simple jobs turn into 30+ minute headaches, and I’ve had to Google fixes repeatedly just to print two documents. The app should make this easier, not harder. Until the connection stability and reliability are fixed, I can’t recommend this to anyone who needs to print regularly.",26.2.0,2026-07-30T18:25:02-07:00,us,iOS App Store,0
14368528593,Jenniferleona,5,Love HP!!!!!,I have had HP for a couple years now. And I love it!! If I have a question/problem..it is addressed immediately... I also love having my ink delivered at such a low cost!! I never run out of ink!! For a woman who isn't rich but needs printining HP is awesome!!,26.2.0,2026-07-30T17:32:40-07:00,us,iOS App Store,0
14368485928,kouri G,1,Very difficult to use,What is this,26.2.0,2026-07-30T17:16:23-07:00,us,iOS App Store,0
14368410545,Queen Arlinne,1,Color black,The ink with color black in not working left pictures and copies white,26.2.0,2026-07-30T16:47:21-07:00,us,iOS App Store,0
14368287905,Vicchrismur,2,Dependability,"None. It works when it wants to. When it works, it is great.",26.2.0,2026-07-30T15:59:19-07:00,us,iOS App Store,0
14367621695,Southerngirl30,4,Pictures,Sometimes they come out streaked,26.2.0,2026-07-30T11:58:10-07:00,us,iOS App Store,0
14367502986,Does not have ine,5,Samira Nottoli,I love my HP printer there is not a better printer I love hp products!,26.2.0,2026-07-30T11:19:14-07:00,us,iOS App Store,0
14367267922,SonsCob,1,Terrible Printer,"This printer is extremely difficult to set-up and took a long time. Once we were able to set it up, it wouldn’t print from my phone. I have to download a document and then go to the printer app for it to print. This is extremely frustrating.",26.2.0,2026-07-30T10:05:16-07:00,us,iOS App Store,0
14366916275,gayle.geiger,1,Hard,Too hard to connect,26.2.0,2026-07-30T08:22:25-07:00,us,iOS App Store,0
14366788186,Tashaymy,5,Not working,This app does not work and I keep having to redownload it,26.2.0,2026-07-30T07:46:15-07:00,us,iOS App Store,0
14366530017,Loak 2,5,Printing,Very nnnnooooiiiiiccccce,26.2.0,2026-07-30T06:33:57-07:00,us,iOS App Store,0
14366437192,luvcrabbie,1,Hate it,Stupid,26.2.0,2026-07-30T06:06:53-07:00,us,iOS App Store,0
14366225381,Aleyahjimerson,3,Wireless connectivity,It took me a few times to get my printer connected the process just takes a while and i had to donit twice because my printer wouldn’t stay connected to my mobile device,26.2.0,2026-07-30T05:01:35-07:00,us,iOS App Store,0
14366079547,Duane16,5,Smart Tank 5000,This thing works great,26.2.0,2026-07-30T04:12:48-07:00,us,iOS App Store,0
14365384439,nino#1234,1,No scanning software with new printer !!!!,Horrible,26.2.0,2026-07-29T23:38:08-07:00,us,iOS App Store,0
14364472953,Llewsac,5,Works great,HP is great to use and simple,26.2.0,2026-07-29T17:36:13-07:00,us,iOS App Store,0
14364197745,losr soul,4,Scan,Works great,26.2.0,2026-07-29T15:48:20-07:00,us,iOS App Store,0
14363550956,Chadd Lee G,4,Printer Perfection … overkill,"I have used HP laptop and HP products my entire career in college and while self-employed and while in college again. HP has got what it takes, but I must say this recent printer I got is a great printer, but the online support is as if too many things are trying to happen wonderful at the same time and I just get a lot of confused feelings these days from HP. Very understandable. But I’ll tell you I’m looking for the company where money is not it’s God, where God is God, and where people are highly valued above robots. Can I get a Amen? I know we’re living in an age where it is the synergy of the ages coming together all at once and jobs are highly competitive right now. But if something ain’t broke brilliant ones at, why fix it or tweak it til star looses it luster. Our eyes are dim anyway in this generation. Just because AI is on the scene does not mean we even have to bow down, compete, or integrate it. For companies give up the the authority of their domain to an entity I like to call ha Satan. Not letting anyone steal your crown certainly worth the effort. There is whole lot of the people in this world that admire companies that don’t go AI. Have you even considered that? Take a survey… see what you are and don’t hire that regular company hire a Christian company to do your survey. Yep I said it. And I’ll say Jesus Jesus Jesus also. Have a blessed encounter I do pray. And remember GodHimself by faith… not by the deducing of our intellect set in a framed mind set of not knowing. Go among them that know and listen .. for His Holy Spirit be upon them! Shssh",26.2.0,2026-07-29T11:53:38-07:00,us,iOS App Store,0
14363523312,🤟🏽🐵🙉🙈🤟🏽,1,Not working,Properly,26.2.0,2026-07-29T11:44:25-07:00,us,iOS App Store,0
14363065660,Ulsula,5,Great,I love it this printer and application,26.2.0,2026-07-29T09:20:59-07:00,us,iOS App Store,0
14360912955,VonJuan,1,Devil Games,"HP charges me every month and I still can’t use my printer. There’s ALWAYS an issue with connectivity, general functions, and printing capabilities. And if you stop paying, you can’t use it at all! It’s so frustrating!",26.2.0,2026-07-28T20:35:14-07:00,us,iOS App Store,0
14360884952,Sue PT,1,Can no longer scan from app,Update no longer allows you to scan from printer to phone. This was my favorite feature,26.2.0,2026-07-28T20:24:10-07:00,us,iOS App Store,0
14360569123,kchall96,2,Too many hoops to jump through,"I prefer easy, low tech ways to order ink and being able to print as many pages as I want.",26.2.0,2026-07-28T18:25:41-07:00,us,iOS App Store,0
14359736793,Printer and app are bad,1,This app sucks,I never wanted a relationship with my printer. This app helps troubleshooting 0% of the time and just tries to constantly sell you printer ink. I hate it and I only use it because I have to.,26.2.0,2026-07-28T13:12:45-07:00,us,iOS App Store,0
14359522618,Yin05mayi,4,Problemas,"La app es lenta, muchas veces no abre, y se USA Desde Una pc se queer cargo do y cargando y nunca se abre",26.2.0,2026-07-28T12:00:20-07:00,us,iOS App Store,0
14359489597,fukuagen,2,Printer is better than the company,"App and printer are fine or whatever, but HP as a company leaves a lot to be desired. Anticompetitive-Monopolistic printer ink practices, predatory subscription practices, and deceptive pricing. Tip of the iceberg of just suits they’ve settled on. 

I think it’s worth mentioning a company’s business practices when reviewing their products and services. I only have an hp cuz the basic Envy one was cheap and accessible when I needed it, not cuz I want an hp. My next printer will be a more thoughtful purchase :)",26.2.0,2026-07-28T11:49:29-07:00,us,iOS App Store,0
14359093721,Tripleigh,1,Why?,Why do I need an account to setup? Why error message after error message? Not user friendly at all? Way too long for what should be a simple process. Had to remove and add printer several times. Tray is full of paper and error message says tray empty…. Losses connection with WiFi… keeps printing me to create account… finally printed a blank sheet… I know full… STUPID,26.2.0,2026-07-28T09:44:56-07:00,us,iOS App Store,0
14359052299,~Ꭿngel,5,Hp,I absolutely love Having Hp instant ink!! And the customer service is amazing⭐️⭐️⭐️⭐️⭐️,26.2.0,2026-07-28T09:32:30-07:00,us,iOS App Store,0
14359020441,Hnskibbsn,2,Why Wouldn’t You Make a Collage Option??,"We use this primarily as a photo printer, and it prints good pictures, but the options are very limited.  Apparently, HP just wants you to spend a stupid amount of money on every individual size of photo paper, instead of just letting you make a collage on a Letter Size piece of photo paper and then you can cut the paper.  From what I’ve found online, this used to be a feature, but HP removed it in recent updates?  Either way, the app could be better than it currently is….",26.2.0,2026-07-28T09:23:04-07:00,us,iOS App Store,0
14358768976,ShaydeeShay,1,Garbage.,"Hardly works for anything. Biggest piece of trash I’ve ever downloaded. And you need it to work the printer. So, I have a useless app and printer now.",26.2.0,2026-07-28T08:11:10-07:00,us,iOS App Store,0
14358220922,perfecttiming50,1,POS,This app is horrible! There should be no difficulty with scanning a simple piece of paper. There should be a button right on the printer but no I have to rely on a terrible app that won’t show the scan button.,26.2.0,2026-07-28T05:33:45-07:00,us,iOS App Store,0
14358181820,atradeeso,5,Great app,The best app easy to use and very reliable,26.2.0,2026-07-28T05:21:39-07:00,us,iOS App Store,0
14357850952,Jonny rock71,1,Instant ink printer. Horrible choice.,I bought my HP instant ink printer a couple months ago and I only use it a few times because I couldn’t use it. I couldn’t get the thing to work and I was continually build for ink that I never used. I think this is a tragedy. I really don’t recommend buying this printer at all because it doesn’t print great. And you get ripped off for the ink that you don’t use.,26.2.0,2026-07-28T03:29:22-07:00,us,iOS App Store,0
14357667954,tt020192,2,Ok printer,Printer has a mind of its own .. works when it wants too ..,26.2.0,2026-07-28T02:18:42-07:00,us,iOS App Store,0
14356938458,JONZIWIFEY,1,Horrible Printer,This printer is horrible. I keep trying to print in black & white and it’s doing all colored and only in the color dark blue & light blue. Even when I do my resume it’s coming out in blue. It’s very frustrating. Who can help me?,26.2.0,2026-07-27T21:14:17-07:00,us,iOS App Store,0
14356856674,C&Re2002,5,HP makes it so easy,"No matter what I have done since I received my new printer, it has been done with ease, and I have no complaints whatsoever. I just sent my first fax, received my confirmation, and printed it out.  I am very pleased with this printer.",26.2.0,2026-07-27T20:41:09-07:00,us,iOS App Store,0
14356603954,Aarun8,5,Great app and super easy to use,App is very easy to use and implement. User interface is simple and gives a great visual of everything and all of your options,26.2.0,2026-07-27T19:04:43-07:00,us,iOS App Store,0
14356377587,Shane Angove,1,Overly complicated,"They tried to save $2 by not including a USB port and you have to have your phone and app with you. The app is a bit clunky, slow, and counterintuitive.  Just give us our older HP scanner/printer back.",26.2.0,2026-07-27T17:41:03-07:00,us,iOS App Store,0
14356168290,labubu yara yara phonk,5,Cool,Cool,26.2.0,2026-07-27T16:20:19-07:00,us,iOS App Store,0
14356006460,Jessie72Tootsie,1,Website/instant ink,Terrible website and customer service,26.2.0,2026-07-27T15:17:15-07:00,us,iOS App Store,0
14355705407,Salongirl615,5,One place,Best EVER!,26.2.0,2026-07-27T13:27:04-07:00,us,iOS App Store,0
14355679695,Adamartinez,5,Ada,Bueno,26.2.0,2026-07-27T13:18:08-07:00,us,iOS App Store,0
14355270389,Rosalinda Z,3,Size options,I don’t like how confusing it is,26.2.0,2026-07-27T11:03:13-07:00,us,iOS App Store,0
14354885834,Eagle@eye,2,Removed printer scan ability in app,Why did you remove the printer scan ability in the app? Now the only option is to scan the docs with your phone. I don’t think they come out as well.,26.2.0,2026-07-27T09:06:43-07:00,us,iOS App Store,0
14354864008,Half Fried,1,App sucks,App sucks,26.2.0,2026-07-27T09:00:20-07:00,us,iOS App Store,0
14354717935,Print 2,5,Best printer,I enjoy the printer very much. It is very reliable and easy to set up and use remotely. Great quality.,26.2.0,2026-07-27T08:18:49-07:00,us,iOS App Store,0
14354670655,B3NJA11,1,Sucks!,This is a trash app and printer only works when it wants absolutely trash,26.2.0,2026-07-27T08:05:29-07:00,us,iOS App Store,0
14354429808,lauraboara,5,Easy Peasy,"I love how easy it is to connect a new printer as well as to reconnect a printer after moving it around or getting disconnected for whatever reason. I also really love the print feature on the main screen where I can just very easy peasy get into my documents and my photos to get them printed and I have all of the options on here that I would on desktop, very nice~ millennial stamp of approval ❤️",26.2.0,2026-07-27T06:58:05-07:00,us,iOS App Store,0
14354143052,Fans with Brains,1,100% Hate,"I honestly hate this app and this system of printing with everything in me. More often than not, it takes me 15 minutes minimum from various devices to figure out how to get what I want to print to print correctly. The ink ain’t cheap, so between wasted time, wasted ink, and wasted paper, my abysmal loathing of this is well more than substantiated.",26.2.0,2026-07-27T05:33:15-07:00,us,iOS App Store,0
14353626609,LunchBox1133,1,Never HP,Never buy these trash printer,26.2.0,2026-07-27T02:30:07-07:00,us,iOS App Store,0
14353116966,ShannonLasa,5,Works Perfectly,Simple to install and easy to use!,26.2.0,2026-07-26T22:55:30-07:00,us,iOS App Store,0
14352336029,c.moff,1,Error ridden app,"If you want an app that will give you nothing but error messages, this is the one! 

However, if you’re trying to connect a printer, this definitely ain’t it. Just use your laptop and save yourself a headache.",26.2.0,2026-07-26T17:41:39-07:00,us,iOS App Store,0
14352272459,app to printer,1,bluetooth connection,printer takes too long to print,26.2.0,2026-07-26T17:16:28-07:00,us,iOS App Store,0
14352176112,SassyB049999,1,Wireless Printing,Why are you makings things more difficult then necessary? Wireless printing all of the sudden absolutely blows. The app only wants to sell ink subscriptions and is terrible now.,26.2.0,2026-07-26T16:37:01-07:00,us,iOS App Store,0
14351291965,Tfcs88,5,Very good printer!,My printer is a little old by still work great for my needs.,26.2.0,2026-07-26T11:11:12-07:00,us,iOS App Store,0
14350769000,Forrest714,5,HP Envy 6155e,Excelllent printer!!,26.2.0,2026-07-26T08:30:31-07:00,us,iOS App Store,0
14347783104,Beauty and Raven,5,My purple HP printer DeskJet 2842E,I love my printer. I love the HP app helps me print papers with an ease.,26.2.0,2026-07-25T13:34:11-07:00,us,iOS App Store,0
14347549056,coach3205,5,HP The Best,I love my added features being able to add my printer to my phone.,26.2.0,2026-07-25T12:08:07-07:00,us,iOS App Store,0
14347486526,Donovan B Nimble,1,Sucks terribly,"Do not buy, the worst printer I ever owned. Do not buy this pos!",26.2.0,2026-07-25T11:46:21-07:00,us,iOS App Store,0
14347252515,R Utica,5,Quality,Amazing !!!,26.2.0,2026-07-25T10:27:52-07:00,us,iOS App Store,0
14344936716,$SHULZ I,5,iPhone15 to HP3630,"Go to 123.hp.com/dj3630 and get instructions from there, so great to be able to print directly from the iPhone - excellent instructions!",26.2.0,2026-07-24T20:38:07-07:00,us,iOS App Store,0
14344301750,Belleza del Alma,5,The best,This is the best service I ever received,26.2.0,2026-07-24T16:29:47-07:00,us,iOS App Store,0
14344208615,Randy's T- Tunes,1,Always a Fight,"Every time I try to use the scanner on my 7900 series it is never easy. I follow the steps and the printer is not connected, although it previously was, so it will not scan. It shouldn’t be this hard to do something so simple.",26.2.0,2026-07-24T15:52:16-07:00,us,iOS App Store,0
14343676030,234erdarkw,1,Difficulties getting it to print,Not at all straight forward.,26.2.0,2026-07-24T12:31:07-07:00,us,iOS App Store,0
14343636085,Enyo299,2,Usable but barely,"While this app does have some functionality, it reverts and isn’t accessible on terminals when needed.",26.2.0,2026-07-24T12:17:03-07:00,us,iOS App Store,0
14343434876,malexmendez,2,Functional App When it actually loads,The HP app has solid features and functionality. The biggest issue is the latency in the app loading on a mobile device. I have an iPhone 16e with all the latest updates.,26.2.0,2026-07-24T11:08:29-07:00,us,iOS App Store,0
14343392943,Psychobillycadillac77,1,Useless,"I don’t use this app because it’s always showing my printer is offline, yet I’m able to print freely without any problems. Also, it shows I’m connected on my pc, the display on the printer, and my wifi shows it’s connected. Deleted and reinstalled app, but still shows not connected. Useless app.",26.2.0,2026-07-24T10:54:49-07:00,us,iOS App Store,0
14343153082,Jucrzymm,3,???,Why do I have to set up printer every time I try to send a fax and it takes forever,26.2.0,2026-07-24T09:39:30-07:00,us,iOS App Store,0
14343062216,what isnt taken ?,5,Sending,Clear pictures,26.2.0,2026-07-24T09:12:24-07:00,us,iOS App Store,0
14343015985,Drekaviir,1,Terrible,"Easily one of the worst experiences I’ve ever had with technology. Even though the printer was already connected to WiFi (and this was checked through the information print setting), it refused to connect to anything for over an hour. Once it started working, it consistently had issues. All I wanted was to scan photos onto my phone. The auto-scan feature that detects the photo would frequently detect the only portion of the scan that WASN’T the photo, and once photos are saved to the HP Smart App, it requires a separate app to transfer them from phone to computer. I would’ve loved to do it with my computer and scan them onto there, but although my phone and computer accounts are the same account, my computer refuses to register the printer on the HP app. I frequently print files from my computer to my printer, so there is no reason that this should be happening. If my printer wasn’t bought years ago, I would genuinely return it after this experience.",26.2.0,2026-07-24T08:58:47-07:00,us,iOS App Store,0
14343014520,Alen248,5,Thank you,Excellent,26.2.0,2026-07-24T08:58:21-07:00,us,iOS App Store,0
14342168599,Scapegoat123456,1,Trash,You made it so difficult to print anything unless I bought your subscription.,26.2.0,2026-07-24T04:51:21-07:00,us,iOS App Store,0
14342037396,Weavalicioius,5,The User-Friendliest!,"I’m printing a large bundle of group-text screenshots from my phone, and I couldn’t ask this process to be made any easier. Thanks a bunch, HP!! 🥰",26.2.0,2026-07-24T04:06:47-07:00,us,iOS App Store,0
14341325185,Marialuisavalencia,1,Las impresoras hp no sirven,Demasiado lenta la app para imprimir!!,26.2.0,2026-07-23T23:20:55-07:00,us,iOS App Store,0
14340908712,heatherprice1,1,Horrible,Won’t scan unless using phone,26.2.0,2026-07-23T20:25:52-07:00,us,iOS App Store,0
14340680563,YCDnails,5,Yoany Nails,Me encanta imprime con muy buena calidad,26.2.0,2026-07-23T18:58:49-07:00,us,iOS App Store,0
14340518527,edgowens,1,Private print pickup,This option does not work and the documentation is very lacking. HP chat is useless and as usual you can get any online help.,26.2.0,2026-07-23T17:57:26-07:00,us,iOS App Store,0
14340304480,chas127*,5,HP PRINTER,I only buy HP products because they are user friendly!!,26.2.0,2026-07-23T16:33:20-07:00,us,iOS App Store,0
14340303553,emily tonjja,1,Worst Printer,"I have so many issues printing. The printer doesn’t receive file, wake from sleep, or sometimes turn on. Also multiple pieces of paper will jam the printer.",26.2.0,2026-07-23T16:32:58-07:00,us,iOS App Store,0
14340207038,Bearysoft,2,Won’t stay connected,My printer will not stay connected to my iPhone. Do not know why finally after two days got it to print a page.,26.2.0,2026-07-23T15:54:22-07:00,us,iOS App Store,0
14340000586,Kiwi heart🌹,5,Recommend,I love this it works very well it very informative if your running out of ink or paper. It even tells you if something is blocking it.,26.2.0,2026-07-23T14:33:51-07:00,us,iOS App Store,0
14339896839,Lillybugggggg,3,Kind of good kind of bad,"App is good, but all and all my printer keeps on saying it’s out of paper, even if I fill it up with paper, so annoying I3 stars",26.2.0,2026-07-23T13:55:22-07:00,us,iOS App Store,0
14339889897,mssorcha51,5,HP Deskjet 2942,"A beast at first, but such a great printer now!",26.2.0,2026-07-23T13:52:51-07:00,us,iOS App Store,0
14339819258,JoniEur,1,Thumbs down,This was one of the most difficult printers to set up I’ve ever seen in my life. I have used this printer style before and not have any problems. This was a nightmare.,26.2.0,2026-07-23T13:27:27-07:00,us,iOS App Store,0
14339693863,ironlung1111,1,AWFUL,"0customer service, TOTAL SCAM",26.2.0,2026-07-23T12:43:42-07:00,us,iOS App Store,0
14339266716,Samisagoodpuggle,2,Fair product,"When it prints the quality is good. It regularly looses connection with the web, and it’s difficult to get it connected and working again.",26.2.0,2026-07-23T10:23:38-07:00,us,iOS App Store,0
14338401327,Corin123456,1,Disappointed,I purchased this HP space envy space 6555 to replace a printer. That was only three years old because there were no drivers available for update. I have been traumatized by trying to connect this printer to the 5G network. I have spent at least five hours on something that usually takes 20 to 30 minutes I still cannot scan from my desktop.☹️PS my desk top is HP all in one.,26.2.0,2026-07-23T06:15:39-07:00,us,iOS App Store,0
14338167913,UnMejicano,2,Frustrating and not intuitive,The app is very NOT user-friendly. Hard to figure it out and it’s always challenging to use. You should find some better UX developers.,26.2.0,2026-07-23T05:04:56-07:00,us,iOS App Store,0
14337847147,vChippyx,1,BOT REVIEWS,"Everyone knows HP printers are horrible. Takes 3 hours to print a single piece of paper if your printer is old than 3 years old. They have software to purposely make their products bad so you buy the new ones. Total scam of a company. It says there’s no paper despite there being paper. Says low ink despite buying it the same week. Says paper jam when there’s no jam. Printer head is missing, I see it with my own eyes. Has to calibrate for 5 minutes, after 5 minutes, turn it off and on with the same 5 minute calibration. Another 5 minutes to align the print head, after 5 minutes, same pop up. Turn on and off… nope, you must unplug and wait and then turn back on. Nothing but problems for this trash company. Also, the reviews on HP are fake!!!! They hire mainstream PR firms, who outsource to digital marketing agencies, who sub-contract to global ""reputation management"" networks. Then HP can claim they have “no idea” about these bot accounts/reviews. The whole HP company is a SCAM!!!",26.2.0,2026-07-23T03:14:01-07:00,us,iOS App Store,0
14336743867,Tips for the tipped,3,Ink,It’s very very VERY annoying when we bought a brand new thing for the ink just to learn that because of the software we cannot use the brand new ink we purchased. Money doesn’t grow on trees,26.2.0,2026-07-22T19:46:40-07:00,us,iOS App Store,0
14336396134,Grand Mum's Pause,1,Waste of money,Total junk,26.2.0,2026-07-22T17:37:19-07:00,us,iOS App Store,0
14336380293,mimi pink26,1,Print,This printer never prints when I ask it to,26.2.0,2026-07-22T17:31:12-07:00,us,iOS App Store,0
14336221156,Anonymous the eighth,4,Good but signed me out,The app is amazing but it signed me out after getting a new phone. I’m not sure if it’s the new phone or the new house but it signed me out. It still let me connect to the printer so I really can’t complain. I totally recommend getting this app if you have a hp printer.,26.2.0,2026-07-22T16:28:55-07:00,us,iOS App Store,0
14336193996,Black Esther,5,Love HP,I totally would recommend to everyone. I appreciate you all for this app it has been so majorly helpful for me especially during the years of COVID I pray you all have much success in the coming days and future,26.2.0,2026-07-22T16:18:07-07:00,us,iOS App Store,0
14336147118,Zero for zola,1,Frustrated,"Bought this hp printer a few months ago.  Worked well for a while, but now the WiFi printing works only about 10% of the time, and takes forever to connect.",26.2.0,2026-07-22T15:59:33-07:00,us,iOS App Store,0
14335930261,Lilly michela,3,Slow Printer,It a little slow to print and take a little to long but other than that its a good printer,26.2.0,2026-07-22T14:34:51-07:00,us,iOS App Store,0
14335703182,Coopntx,3,Scan won’t email,Not sure what happened but scanning no longer emails the document. Also can’t find the scan in the app,26.2.0,2026-07-22T13:12:22-07:00,us,iOS App Store,0
14335558157,Nyack NY,5,Rodney,Very pleased with the operating system of HP 4100.,26.2.0,2026-07-22T12:22:31-07:00,us,iOS App Store,0
14335463092,XOGigiXO,5,Convenient,So easy and convenient. I love this app,26.2.0,2026-07-22T11:50:46-07:00,us,iOS App Store,0
14335429013,SDShaw,1,Scan to email,I should not have to use an app on my phone to use my printer. I will no longer recommend HP to anyone though you have been my favorite printer company since the 1990’s.,26.2.0,2026-07-22T11:39:32-07:00,us,iOS App Store,0
14335417120,Sarks79!,1,These things suck,Not once have I ever bought this product and it works correctly.   I’m sitting on three or four printers that can’t be returned because they work for the first two weeks and then never work again.,26.2.0,2026-07-22T11:35:38-07:00,us,iOS App Store,0
14333544076,Kram79,1,The most tedious thing ever,Super difficult to use and setup,26.2.0,2026-07-22T01:36:32-07:00,us,iOS App Store,0
14332981641,gato1363,1,DONT BUY,WILL NOT WORK AND WILL TELL U TO SUSCRIBE FOR A MONTHLY FEE AND STILL NOT WORK,26.2.0,2026-07-21T21:36:08-07:00,us,iOS App Store,0
14332964347,L beltran,1,Insatisfecho,No imprimió del tamaño que le pedí 5x7,26.2.0,2026-07-21T21:28:47-07:00,us,iOS App Store,0
14332871756,cecy12916,1,Not recommended,This app it’s not working,26.2.0,2026-07-21T20:49:52-07:00,us,iOS App Store,0
14332816680,Kay T Pickel,1,Connectivity issues,"When the printer works it’s great, but it gets so frustrating trying to trouble shoot for 15 minutes to print one piece of paper. Nothing works. I have to turn it off and on multiple times, pray to the gods, do a little dance and sometimes it will work.",26.2.0,2026-07-21T20:27:29-07:00,us,iOS App Store,0
14332756838,"cffdvyundi.lfarwab,pljnbnj",1,Slow,Jobs not printing,26.2.0,2026-07-21T20:04:15-07:00,us,iOS App Store,0
14332617983,CCAMP7711,3,Percentage options,Need to have percentage options for printing,26.2.0,2026-07-21T19:11:35-07:00,us,iOS App Store,0
14332209914,Charlotte Brock 93,5,Wonderful!!!,I will always love hp!!! High quality!!!!,26.2.0,2026-07-21T16:35:56-07:00,us,iOS App Store,0
14332205656,HPisTerrible123,1,Worst service ever,I am trapped in the HP all in plan. Do not do this plan. Save your sanity and your money go with another brand that actually has reliable printers.,26.2.0,2026-07-21T16:34:12-07:00,us,iOS App Store,0
14332152885,ICUSandman,2,One big advertisement,Nothing like trying to use an app and having ads shoved down your throat! I just want the damned app to serve its purpose without being pushed to buy a new printer and supplies! I will never recommend HP again with the way they treat their customers!,26.2.0,2026-07-21T16:13:03-07:00,us,iOS App Store,0
14332114656,Bamboo Earl,5,Easy and quick,The app is easy to use.  Straightforward and fast.,26.2.0,2026-07-21T15:57:51-07:00,us,iOS App Store,0
14331853831,Bryanna.a13,1,Not working,My printer won’t print,26.2.0,2026-07-21T14:17:25-07:00,us,iOS App Store,0
14331524981,Lorenzvl,1,Worst printer and app,Hard to connect,26.2.0,2026-07-21T12:21:50-07:00,us,iOS App Store,0
14330830463,cooboy1019,5,Awesome!,I like using the app to scan papers that are important and at first you need to make an account but it is really easy to make one! I wish in the future they can add more updates to really complete this nice app!,26.2.0,2026-07-21T08:46:01-07:00,us,iOS App Store,0
14330800076,AliciaAnnHelpMe,3,IPhone errors,The printer or the app may be at fault but for right now only 3 stars,26.2.0,2026-07-21T08:37:17-07:00,us,iOS App Store,0
14328898583,naty092109,5,Impresora,Excelente esta página puedo enviar mi trabajo donde quiera que esté me encanta,26.2.0,2026-07-20T21:14:50-07:00,us,iOS App Store,0
14328575733,TheWomanStrong,1,POS,"Every single time I try to print or scan, there are always connection issues between my phone and the printer- without either one having any changes. It usually says the printer isn’t online, which it is, and it’s powered on. This last time it kept saying the printer was busy. It had no reason to say this. I had to shut down and unplug the printer and shut down my phone twice before I got something to scan. When it works correctly, it’s great, but there are so many glitches that I stay very frustrated with it.",26.2.0,2026-07-20T19:08:10-07:00,us,iOS App Store,0
14328214176,DanaLeShaee,1,Stupid printer connection,Constantly unable to get my printer to connect to the WiFi. Or my phone to connect to the printers WiFi. Will not longer print anything I ask to. A waste of money honestly.,26.2.0,2026-07-20T16:51:54-07:00,us,iOS App Store,0
14327323394,?Spam?,5,Home office,😎having this printer allows me to help my family with documentation and records for their personal use,26.2.0,2026-07-20T11:26:17-07:00,us,iOS App Store,0
14327187908,EmKayArr,5,Scan right from your phone!,"⭐️⭐️⭐️⭐️⭐️

I absolutely love this HP printer! One of my favorite features is being able to scan documents directly from my phone. The HP Smart app is so easy to use—I can scan, save, and share files in just a few taps without needing to stand by the printer.

The print quality is excellent, setup was quick, and everything connects seamlessly over Wi-Fi. Whether I’m printing important documents or scanning paperwork on the go, this printer makes everything so much easier. It’s been a huge time-saver, and I highly recommend it to anyone looking for a reliable, user-friendly printer!",26.2.0,2026-07-20T10:42:19-07:00,us,iOS App Store,0
14326351589,orleezz,1,Scam,Iv paid for years with nothing in return not even a working printer,26.2.0,2026-07-20T06:34:11-07:00,us,iOS App Store,0
14324248262,thisfailed,1,HP Officejet Pro 8125e,"This is one of worst printers I’ve ever used! NOT INTUITIVE AT ALL…. 
2 hours later and HAVING to add the app, somehow it printed! 
If you have to change any of the settings… HOW DO YOU PRINT? If you go back to find “print” IT ERASES ALL OF YOUR SETTINGS!!!",26.2.0,2026-07-19T16:44:14-07:00,us,iOS App Store,0
14324135776,GaryOKee,1,Not so Easy,I followed the easy setup which it was. I went to print something and it says setup incomplete. Tech service was great but same error. Now it’s day 3 and I have printed a document except test pages . Ready to send it back .,26.2.0,2026-07-19T15:58:06-07:00,us,iOS App Store,0
14324042193,AR | Adrian Rivera,5,I like it.,It’s simple to use. Keep up the great work!,26.2.0,2026-07-19T15:19:16-07:00,us,iOS App Store,0
14323788843,hfjfufnfnfjf,1,garbage,i paid for the printer but have to pay a subscription to print? what a joke.,26.2.0,2026-07-19T13:38:01-07:00,us,iOS App Store,0
14323630218,wundfull,1,It’s complicated,I hav hard time to print paper,26.2.0,2026-07-19T12:44:40-07:00,us,iOS App Store,0
14323431876,Urcvsfhgs,1,Software sucks,"I can’t make desktop integration work and have to email pdfs to my phone to print them.  

I have to scan to my phone and email to my laptop.  

Document feeder has not worked yet in any control mode.

Printer touch screen instructions are useless.   Email instructions function fails.  Data entry on printer touch screen is ridiculously difficult.

Image is good but Im wasting time on this HP and that won’t continue",26.2.0,2026-07-19T11:40:44-07:00,us,iOS App Store,0
14322594499,Simba3413,1,Printer,Won’t print,26.2.0,2026-07-19T07:32:45-07:00,us,iOS App Store,0
14322193582,Cv204,1,SUCKS!,Just changing the printer wifi with HP has to be so difficult. The stupid APP doesn’t help. Smart APP nonsense. It cannot even find the printer wirelessly.,26.2.0,2026-07-19T05:33:47-07:00,us,iOS App Store,0
14320881895,ProofSK1,1,My HP Experience,"This app forces you to have to use HP products, app sucks, it’s super slow, it lags when setting up to print docs and photos specially, the canceling of this service takes endless links and clicks, everything about this experience seems to be design for a payment hook not for the best possible user’s experience",26.2.0,2026-07-18T21:12:09-07:00,us,iOS App Store,0
14320451881,Nancyhelena,5,Love the app,"I love this app so far, I have an Officejet 3830 which is a little older of a machine but it still works great with this app. Scanning documents and creating PDF files is a breeze.",26.2.0,2026-07-18T18:24:12-07:00,us,iOS App Store,0
14319860545,FancyAF$73,5,HP printer,Absolutely love my printer! All the things get done ❤️,26.2.0,2026-07-18T14:32:13-07:00,us,iOS App Store,0
14319132759,PfNP123,1,Scam,"App is inconsistent, printer works half the time and they up charge on ink. Total scam",26.2.0,2026-07-18T10:21:38-07:00,us,iOS App Store,0
14318973279,The original doll,5,HP printer,"Prints are beautiful, vibrant and fun.",26.2.0,2026-07-18T09:33:17-07:00,us,iOS App Store,0
14318972518,Bleu23,4,Pretty Good!,"Have had a few issues with the network connection and one issue with ink cartridges. The latter was my fault, however, for using after market cartridges found on Amazon. Overall, it's nice and the convenience of printing and scanning from home is priceless.",26.2.0,2026-07-18T09:33:04-07:00,us,iOS App Store,0
14318796870,Hpp-SLR,5,Scanner app,"Actually Absolutely Amazing For All In Me To scan on my Home computer, Without Stop Need, To Connect",26.2.0,2026-07-18T08:41:36-07:00,us,iOS App Store,0
14318682302,BroA77,1,Scan to email,Unnecessarily complicated to set up,26.2.0,2026-07-18T08:09:14-07:00,us,iOS App Store,0
14317281422,Mackie7272,1,Troubleshooting,This app really needs a better way to troubleshoot problems. There is nothing printed from my printer and all diagnostic help isn’t helping to isolate the fault.,26.2.0,2026-07-18T00:04:03-07:00,us,iOS App Store,0
14316937127,papa leo,4,App is Top Level,App is nice. Customer support is nice and helpful too. Except the customer service for insta ink. Her name is Joy or Joyce based in Philippines from her accent. She’s forcing me to get a new all in plan and that she can do it right away while I’m on the phone. I asked her that I needed to speak to customer support and she even said that customer support will say what she already told me and that the printer I have right now is outdated and can be treated like trash. I hope she gets fired.,26.2.0,2026-07-17T21:39:45-07:00,us,iOS App Store,1
14316621366,Martacbc,1,Not easy to set it up for Mac users,"It’s not Mac friendly printer 
Slow and headache to set up 
Most likely I will be looking for easier, Mac users friendly version",26.2.0,2026-07-17T19:35:08-07:00,us,iOS App Store,0
14316587778,Unamusedleigh,1,Yikes,"Absolutely horrible. I've had to delete and re add my printer multiple times. Printer will not communicate with my phone at all, yet it shows up as connected and even says it sent a print job yet nothing so much as shifts in this overpriced paperweight.",26.2.0,2026-07-17T19:22:30-07:00,us,iOS App Store,0
14316150551,Dawnmb3,5,Fantastic!,I homeschool my granddaughter and this printer is fantastic at being able to print out all the pdf files we need from my phone or computer. I also print photos and cards and this list goes on. It also has instant ink so you never run out.,26.2.0,2026-07-17T16:35:38-07:00,us,iOS App Store,0
14316125091,SoloTurner,4,Great for printing away from my office,The app allows me to print from the vehicle or away from home but the app has issues with seeing printing options. Everything is always blank so I can’t see what options are there.,26.2.0,2026-07-17T16:25:30-07:00,us,iOS App Store,0
14315853995,LhpNick,1,Worst printer,I’ve never had so many problems with a printer.,26.2.0,2026-07-17T14:40:22-07:00,us,iOS App Store,0
14315650738,California RE Agent,5,Great App For Realtors,"I like how your able to print from anywhere as long as the printers on and connected, I print out listing agreements from anywhere in my home 

Very satisfying User Interface, 

I like the white and blue,

Perhaps maybe adding a dark mode option for the app interface? Other then that Great App",26.2.0,2026-07-17T13:25:23-07:00,us,iOS App Store,0
14315594121,jessmessu,5,Small business,Amazing WiFi connectivity and great for my small preschool!,26.2.0,2026-07-17T13:05:09-07:00,us,iOS App Store,0
14315323192,jessicalprice,1,What a nightmare to use,"Spins forever, have to keep force quitting and restarting to get anywhere.",26.2.0,2026-07-17T11:32:39-07:00,us,iOS App Store,0
14315245356,Bowen667,1,Trash,Piece of garbage printer and app,26.2.0,2026-07-17T11:07:26-07:00,us,iOS App Store,0
14314943918,M. Jued,5,Easy to Use,"Works great, and is user friendly.",26.2.0,2026-07-17T09:34:50-07:00,us,iOS App Store,0
14314550173,𝓹𝓶,5,Scanner,Excelente app,26.2.0,2026-07-17T07:44:03-07:00,us,iOS App Store,0
14314383611,Shooter big scooter,1,Printer set up and operation,This set up information and user guide is the worst that I have ever seen from HP.,26.2.0,2026-07-17T06:58:26-07:00,us,iOS App Store,0
14314276942,JP The Man,5,Excellent App for Scan,Camera scan works flawlessly in this and can send to WhatsApp or email. Well done!,26.2.0,2026-07-17T06:28:21-07:00,us,iOS App Store,0
14312700637,Drwnx.x,1,I hate the app and I hate more the stupid printer. RETURNED IF YOU CAN!!🚩‼️,"I feel the necessity to open the app store to leave a negative review for first time in my life.

I totally hate this thing, It just never work when you need it, I don’t use the printer that often but each time that I need to use it I just get angry because always is something. Bugs, internet disconnections, updates that don’t repair anything, etc. I hate it, also the ink is overpriced in compared to others, they have their own system to make you only buy their ink that they sell. 32 dollars for 52 pages… this whole company is disgusting; writing this review cuz right now the scanning feature is unavailable and fax is also unavailable and idk how to send my taxes to my insurance. Definitely if your waste your money on one of the piece of junk printers try to returned, and if you cannot , just throw it to the garbage a buy anything that works, believe me, all the time that you’re going to waste on this thing is more valuable than spending money on a new usable printer (please noticed that I didn’t say good, just an usable one).

I hate this app, this printer and this whole company🤬

Not a bot, I’m using emojis cuz idk if Apple erase your reviews if you use insults",26.2.0,2026-07-16T20:34:47-07:00,us,iOS App Store,0
14311897205,PricelessTheRapper,5,The BEST bang for your buck!,Works better than the Kyocera printers at work.,26.2.0,2026-07-16T15:29:59-07:00,us,iOS App Store,0
14311833447,Mecca Sxpreme🐞,5,Sxpreme,Works wonders,26.2.0,2026-07-16T15:05:33-07:00,us,iOS App Store,0
14311828264,Shopinggirl,5,Awesome,It’s so quick and easy. I love it!,26.2.0,2026-07-16T15:03:33-07:00,us,iOS App Store,0
14311805247,Rocn2,1,Not an option for Scanning?,The only way I can scan a document is by taking pictures? There should be an option for scanning with the printer,26.2.0,2026-07-16T14:54:48-07:00,us,iOS App Store,0
14311618290,diver3801,5,Surprised,I used it for scanning document and I love it!,26.2.0,2026-07-16T13:46:07-07:00,us,iOS App Store,0
14311285375,Chirylay,5,Bueno,🙏,26.2.0,2026-07-16T11:50:54-07:00,us,iOS App Store,0
14311279350,SparkyHamlin,4,Too Small,My first document printed but it reduced the size of print.,26.2.0,2026-07-16T11:48:53-07:00,us,iOS App Store,0
14311121895,Emilee111213,1,New ink,"Didn’t need an everyday printer, once in a while use. Put new ink in after initial one. Will not print black at all. When ink costs as much as the printer, seems not worth it",26.2.0,2026-07-16T10:57:34-07:00,us,iOS App Store,0
14311119542,Traveling Retirees,4,Love it,"One thing missing, otherwise I love it. I’d love to see measurements on pictures as hp had before.",26.2.0,2026-07-16T10:56:50-07:00,us,iOS App Store,0
14310977318,Paulo Nascimento,5,HP e-Fax,Amazing,26.2.0,2026-07-16T10:12:13-07:00,us,iOS App Store,0
14310528472,miussttheeem,1,Very complicated,The worst,26.2.0,2026-07-16T08:01:02-07:00,us,iOS App Store,0
14310490678,datemt91,1,Set up process not streamlined,After printing one page it gave me an error message and forced me to go thru the app to print documents. Very clunky,26.2.0,2026-07-16T07:50:25-07:00,us,iOS App Store,0
14310441256,EM971,5,Printer,Great printer. Just don’t order the ink. I still have never received my 2 years of ink that I paid for.,26.2.0,2026-07-16T07:36:32-07:00,us,iOS App Store,0
14308952849,crazysonic 😈,5,Helps SO MUCH,"Instead of having you having to try and figure out what kind of ink you’re supposed to get for the printer, it tells you what kind of ink to get and it even shows you like you can buy like right now from the app take you to the website it’s perfect",26.2.0,2026-07-15T22:36:36-07:00,us,iOS App Store,0
